index,module,topic,color,feed,term,created,country,ratio,counter,pages,language,ipcc,continent
'3421a57149',extremes,Storm,#b3b2b1,wmo,tormenta ecuador,2025-12-19T03:46:00+00:00,Ecuador,0.7464203092752836,0,2,es,NWS,South-America
'1512f21012',extremes,Precipitation,#d60d2b,wmo,precipitación litoral,2025-12-18T03:44:00+00:00,Ecuador,0.7458641384211947,0,2,es,NWS,South-America
'6560ef8c08',extremes,Storm,#b3b2b1,wmo,tormenta litoral,2025-12-19T03:46:00+00:00,Ecuador,0.7454252010760375,0,2,es,NWS,South-America
'cff0a88351',extremes,Earthquake,#870007,usgs,terremoto ecuador,2025-12-03T03:40:00+00:00,Ecuador,0.7409813998134105,0,2,es,EPO,South-America
'9349bd9c5e',extremes,Drought,#edc291,edo,sequedad guinea ecuatorial,2025-12-11T03:46:00+00:00,Equatorial Guinea,0.7397300094623795,0,2,es,WAF,Africa
'c1499c4445',extremes,Earthquake,#870007,usgs,terremoto yuyapichis,2025-12-03T03:40:00+00:00,Peru,0.7361677877590268,0,2,es,NWS,South-America
'b26829887e',extremes,Earthquake,#870007,usgs,terremoto jordán,2025-12-11T03:46:00+00:00,Colombia,0.7357819295085921,0,2,es,NWS,South-America
'af6244e0ab',extremes,Drought,#edc291,edo,sequedad nicaragua,2025-12-16T03:47:00+00:00,Nicaragua,0.7281581097716111,0,2,es,SCA,North-America
'deebf112c9',extremes,Drought,#edc291,edo,falta de lluvia colombia,2025-12-08T03:45:00+00:00,Colombia,0.7153431364192889,0,2,es,NWS,South-America
'f760624a54',extremes,Earthquake,#870007,usgs,terremoto vallenar,2025-12-11T03:46:00+00:00,Chile,0.7135684299185135,0,2,es,SWS,South-America
'48457b6eba',extremes,Earthquake,#870007,usgs,terremoto ovalle,2025-12-09T03:40:00+00:00,Chile,0.7077928780394481,0,2,es,SWS,South-America
'66889dc3f2',extremes,Earthquake,#870007,usgs,terremoto ollagüe,2025-12-14T03:49:00+00:00,Chile,0.705579000535988,0,2,es,SWS,South-America
'8a6ebb5b5c',extremes,Drought,#edc291,edo,sequedad cuba,2025-11-27T03:34:00+00:00,Cuba,0.6976656056155529,0,2,es,CAR,North-America
'77a3be546a',extremes,Earthquake,#870007,usgs,terremoto acajutla,2025-12-13T03:37:00+00:00,El Salvador,0.6931497492300399,0,2,es,SCA,North-America
'cb207f7e4e',extremes,Drought,#edc291,edo,falta de lluvia argentina,2025-12-13T03:38:00+00:00,Argentina,0.6894929318517085,0,2,es,SES,South-America
'cd74d750ef',extremes,Drought,#edc291,edo,falta de lluvia bolivia,2025-11-30T03:47:00+00:00,Bolivia,0.6890322907842933,0,2,es,SAM,South-America
'7681e065ae',extremes,Storm,#b3b2b1,wmo,tormenta este de la palma,2025-12-11T03:46:00+00:00,Spain,0.6861336295767431,0,2,es,MED,Europe
'4c455ec158',extremes,Fog,#d60d2b,wmo,niebla centro de lugo,2025-12-13T03:38:00+00:00,Spain,0.6848069044478371,0,2,es,MED,Europe
'e043fce1a2',extremes,Drought,#edc291,edo,sequía bolivia,2025-12-01T04:02:00+00:00,Bolivia,0.6840964095674927,0,2,es,SAM,South-America
'174e70acae',extremes,Thunderstorm,#53785a,wmo,clima severo españa,2025-12-12T03:45:00+00:00,Spain,0.6836685097164805,0,2,es,MED,Europe
'7978d58b02',extremes,Precipitation,#d60d2b,wmo,lluvia brasil,2025-11-27T03:34:00+00:00,Brazil,0.6832684224450803,0,2,es,SAM,South-America
'ee7d8f3c6f',extremes,Fog,#d60d2b,wmo,niebla meseta de burgos,2025-12-03T03:40:00+00:00,Spain,0.68307090649745,0,2,es,MED,Europe
'58f77fa85f',extremes,Thunderstorm,#53785a,wmo,granizo españa,2025-11-30T03:46:00+00:00,Spain,0.683007447352763,0,2,es,MED,Europe
'd783c27979',extremes,Drought,#edc291,edo,sequía en cuba,2025-12-08T03:45:00+00:00,Cuba,0.6811791511923105,0,2,es,CAR,North-America
'2f9f258435',extremes,Fog,#d60d2b,wmo,niebla vegas del guadiana,2025-12-06T03:32:00+00:00,Spain,0.6801955072339931,0,2,es,MED,Europe
'8bc0bfe218',extremes,Precipitation,#d60d2b,wmo,lluvia torrencial brasil,2025-11-28T03:34:00+00:00,Brazil,0.6790049312247215,0,2,es,SAM,South-America
'4ecd68b9d9',extremes,Storm,#b3b2b1,wmo,marejada ciclónica oeste de la palma,2025-12-12T03:45:00+00:00,Spain,0.6775087671006651,0,2,es,MED,Europe
'68a8d0a1b0',extremes,Storm,#b3b2b1,wmo,tormenta españa,2025-12-09T03:41:00+00:00,Spain,0.6757392945468979,0,2,es,MED,Europe
'c6ce45829e',extremes,Storm,#b3b2b1,wmo,marejada ciclónica brasil,2025-12-14T03:49:00+00:00,Brazil,0.6739037367829179,0,2,es,SAM,South-America
'070edfe74d',extremes,Fog,#d60d2b,wmo,niebla sur de huesca,2025-12-07T03:47:00+00:00,Spain,0.6733447612024036,0,2,es,MED,Europe
'434b868787',extremes,Fog,#d60d2b,wmo,niebla alcarria de guadalajara,2025-12-06T03:32:00+00:00,Spain,0.6732235354397916,0,2,es,MED,Europe
'5e4ea480a4',extremes,Thunderstorm,#53785a,wmo,granizo qatar,2025-12-13T03:38:00+00:00,Qatar,0.6727242243767338,0,2,es,ARP,Asia
'bed53cc600',extremes,Precipitation,#d60d2b,wmo,aguacero brasil,2025-12-18T03:44:00+00:00,Brazil,0.6725243135730596,0,2,es,SAM,South-America
'0d1e3addbf',extremes,Storm,#b3b2b1,wmo,tormenta brasil,2025-12-14T03:49:00+00:00,Brazil,0.6722685497710672,0,2,es,SAM,South-America
'3dea46c095',extremes,Flood,#030ba1,wmo,inundación repentina estados unidos,2025-12-08T03:44:00+00:00,United States,0.6718676796327563,0,2,es,CNA,North-America
'd3ea8177c3',extremes,Flood,#030ba1,wmo,inundaciones estados unidos,2025-12-08T03:44:00+00:00,United States,0.6709290507992616,0,2,es,CNA,North-America
'037bb37761',extremes,Flood,#030ba1,wmo,inundación estados unidos,2025-12-07T03:47:00+00:00,United States,0.6704761022118584,0,2,es,CNA,North-America
'3a9e626ae6',extremes,Flood,#030ba1,wmo,inundación repentina en tilamook o,2025-12-09T03:41:00+00:00,United States,0.6702957049767079,0,2,es,CNA,North-America
'432bab655c',extremes,Wildfire,#d60d2b,eonet,incendio forestal estados unidos,2025-12-07T03:46:00+00:00,United States,0.6701207884978138,0,2,es,ENA,North-America
'55c34e2831',extremes,Flood,#030ba1,wmo,inundación grises puerto wa,2025-12-10T03:45:00+00:00,United States,0.669837927098955,0,2,es,CNA,North-America
'eddc59f608',extremes,Snow&Ice,#d60d2b,wmo,heladas españa,2025-12-12T03:45:00+00:00,Spain,0.6698185452530528,0,2,es,MED,Europe
'b6dd0cd9ce',extremes,Earthquake,#870007,usgs,terremoto susitna,2025-11-29T03:34:00+00:00,United States,0.6695899958313046,0,2,es,NWN,North-America
'f1ffcdc5d3',extremes,Flood,#030ba1,wmo,rey de la inundación wa,2025-12-10T03:45:00+00:00,United States,0.6691781387208814,0,2,es,CNA,North-America
'd1b13d8307',extremes,Tsunami,#690191,usgs,tsunami estados unidos,2025-11-29T03:34:00+00:00,United States,0.6691436923489708,0,2,es,NWN,North-America
'e9d70cd9c6',extremes,Flood,#030ba1,wmo,rey wa de la inundación repentina,2025-12-10T03:45:00+00:00,United States,0.6691394312192748,0,2,es,CNA,North-America
'44c67905ab',extremes,Flood,#030ba1,wmo,inundación clackamas o marion o,2025-12-13T03:38:00+00:00,United States,0.669136593633568,0,2,es,CNA,North-America
'2c8681b398',extremes,Flood,#030ba1,wmo,inundación benton o polk o,2025-12-11T03:46:00+00:00,United States,0.6687110005622776,0,2,es,CNA,North-America
'a7e8b5d526',extremes,Flood,#030ba1,wmo,inundación yakima wa,2025-12-12T03:45:00+00:00,United States,0.6686455994975626,0,2,es,CNA,North-America
'6977afac24',extremes,Volcano,#b83202,eonet,volcán puracé colombia,2025-12-06T03:32:00+00:00,Colombia,0.668502772183876,1,2,es,NWS,South-America
'331dc2fd4a',extremes,Thunderstorm,#53785a,wmo,tormenta españa,2025-11-30T03:46:00+00:00,Spain,0.668368991053163,0,2,es,MED,Europe
'232c35e7b5',extremes,Flood,#030ba1,wmo,inundación repentina skagit wa,2025-12-10T03:45:00+00:00,United States,0.6683658968530132,0,2,es,CNA,North-America
'4bbcd1d583',extremes,Flood,#030ba1,wmo,inundación rey wa pierce wa,2025-12-10T03:45:00+00:00,United States,0.6680474041210516,0,2,es,CNA,North-America
'88720c241c',extremes,Flood,#030ba1,wmo,inundación wahkiakum wa,2025-12-12T03:45:00+00:00,United States,0.6678577402340219,0,2,es,CNA,North-America
'40f47c67f6',extremes,Flood,#030ba1,wmo,inundación repentina perforar wa,2025-12-10T03:45:00+00:00,United States,0.66782928341138,0,2,es,CNA,North-America
'd2f4c24db3',extremes,Flood,#030ba1,wmo,inundación repentina yakima wa,2025-12-10T03:45:00+00:00,United States,0.6678139947081478,0,2,es,CNA,North-America
'b4e820ac0f',extremes,Flood,#030ba1,wmo,inundación repentina jardín ne keith ne,2025-12-04T03:42:00+00:00,United States,0.6678115756798552,0,2,es,CNA,North-America
'0d6443fd8b',extremes,Thunderstorm,#53785a,wmo,clima severo qatar,2025-12-16T03:47:00+00:00,Qatar,0.6677738482840802,0,2,es,ARP,Asia
'cf6c49ebd3',extremes,Flood,#030ba1,wmo,inundación yakima wa,2025-12-10T03:45:00+00:00,United States,0.6677122254069093,0,2,es,CNA,North-America
'36c712529e',extremes,Flood,#030ba1,wmo,inundaciones clackamas o multnomah o,2025-12-10T03:45:00+00:00,United States,0.6676845602455191,0,2,es,CNA,North-America
'1602fa7979',extremes,Flood,#030ba1,wmo,inundación clackamas o multnomah o,2025-12-09T03:41:00+00:00,United States,0.6676520325042447,0,2,es,CNA,North-America
'071fe3bb43',extremes,Flood,#030ba1,wmo,inundación repentina lewis wa,2025-12-09T03:41:00+00:00,United States,0.6674819180600517,0,2,es,CNA,North-America
'1262da7e18',extremes,Flood,#030ba1,wmo,inundación repentina snohomish wa,2025-12-10T03:45:00+00:00,United States,0.6674338248450622,0,2,es,CNA,North-America
'09c2075ff6',extremes,Flood,#030ba1,wmo,inundación repentina benton o polk o,2025-12-18T03:44:00+00:00,United States,0.6673116880650949,0,2,es,CNA,North-America
'b775da0237',extremes,Flood,#030ba1,wmo,inundación rey wa,2025-12-09T03:41:00+00:00,United States,0.6672889675009591,0,2,es,CNA,North-America
'51a9c660ce',extremes,Flood,#030ba1,wmo,inundaciones cowlitz wa,2025-12-13T03:38:00+00:00,United States,0.6672517860136709,0,2,es,CNA,North-America
'b3a04bec13',extremes,Flood,#030ba1,wmo,inundaciones snohomish wa,2025-12-10T03:45:00+00:00,United States,0.6672389193183536,0,2,es,CNA,North-America
'04486be4d5',extremes,Flood,#030ba1,wmo,inundación repentina clatsop otilamook o,2025-12-10T03:45:00+00:00,United States,0.6671225925419487,0,2,es,CNA,North-America
'060066f2cf',extremes,Flood,#030ba1,wmo,inundación lewis wa,2025-12-09T03:41:00+00:00,United States,0.6668233533871096,0,2,es,CNA,North-America
'06532967b8',extremes,Drought,#edc291,edo,falta de lluvia brasil,2025-12-10T03:45:00+00:00,Brazil,0.666810867768198,0,2,es,SAM,South-America
'74fb8fe53f',extremes,Storm,#b3b2b1,wmo,marejada ciclónica este de la palma,2025-12-12T03:45:00+00:00,Spain,0.666683302682237,0,2,es,MED,Europe
'179db1ae1a',extremes,Thunderstorm,#53785a,wmo,granizo دولة قطر,2025-12-15T03:54:00+00:00,Qatar,0.6666293515186156,0,2,es,ARP,Asia
'da981f1496',extremes,Flood,#030ba1,wmo,inundación repentina benton wa,2025-12-14T03:49:00+00:00,United States,0.6665605398548874,0,2,es,CNA,North-America
'6d8d284096',extremes,Storm,#b3b2b1,wmo,tormenta qatar,2025-12-16T03:47:00+00:00,Qatar,0.6664942449514816,0,2,es,ARP,Asia
'b74cc3ed00',extremes,Flood,#030ba1,wmo,inundación repentina mason wa,2025-12-19T03:46:00+00:00,United States,0.6662355798672428,0,2,es,CNA,North-America
'73742b91aa',extremes,Flood,#030ba1,wmo,inundaciones kittitas wa,2025-12-10T03:45:00+00:00,United States,0.6661907492339264,0,2,es,CNA,North-America
'5b0167421c',extremes,Flood,#030ba1,wmo,inundación repentina grises puerto wa,2025-12-10T03:45:00+00:00,United States,0.6661371990344325,0,2,es,CNA,North-America
'ae78869002',extremes,Flood,#030ba1,wmo,inundación snohomish wa,2025-12-11T03:46:00+00:00,United States,0.6661259244147183,0,2,es,CNA,North-America
'f2a3d69edc',extremes,Earthquake,#870007,usgs,terremoto puerto san josé,2025-12-14T03:49:00+00:00,Guatemala,0.6659015191866943,0,2,es,SCA,North-America
'02dc9a1088',extremes,Flood,#030ba1,wmo,inundación repentina benton o,2025-12-19T03:46:00+00:00,United States,0.6655850658494092,0,2,es,CNA,North-America
'86e72ff688',extremes,Flood,#030ba1,wmo,inundaciones lewis wa,2025-12-09T03:41:00+00:00,United States,0.665498672539393,0,2,es,CNA,North-America
'b6e71763d0',extremes,Flood,#030ba1,wmo,inundación repentina wahkiakum wa,2025-12-19T03:46:00+00:00,United States,0.6654973473718201,0,2,es,CNA,North-America
'a349721359',extremes,Flood,#030ba1,wmo,inundación repentina kootenai id shoshone id,2025-12-12T03:45:00+00:00,United States,0.6653322215127414,0,2,es,CNA,North-America
'8792d4e099',extremes,Flood,#030ba1,wmo,inundación kittitas wa,2025-12-09T03:41:00+00:00,United States,0.6648474503222449,0,2,es,CNA,North-America
'5e0c447e93',extremes,Flood,#030ba1,wmo,inundación repentina chelan wa,2025-12-16T03:47:00+00:00,United States,0.664831521806487,0,2,es,CNA,North-America
'948eed89ac',extremes,Flood,#030ba1,wmo,inundación benton wa,2025-12-10T03:45:00+00:00,United States,0.6647857286999337,0,2,es,CNA,North-America
'19966e8a82',extremes,Flood,#030ba1,wmo,inundación skagit wa,2025-12-11T03:46:00+00:00,United States,0.664577285707818,0,2,es,CNA,North-America
'da529b3ec8',extremes,Flood,#030ba1,wmo,inundación repentina kittitas wa,2025-12-15T03:54:00+00:00,United States,0.6645577313191323,0,2,es,CNA,North-America
'f8ac2951cb',extremes,Flood,#030ba1,wmo,inundación clearwater id idaho id,2025-12-08T03:44:00+00:00,United States,0.6642410901026783,0,2,es,CNA,North-America
'25902e48eb',extremes,Storm,#b3b2b1,wmo,tormenta territorio nacional.,2025-12-08T03:44:00+00:00,Paraguay,0.6516787595132941,1,2,es,SES,South-America
'e529bb6ac5',extremes,Precipitation,#d60d2b,wmo,lluvia argentina,2025-11-25T03:37:00+00:00,Argentina,0.6505861252804561,1,3,es,SES,South-America
'56dca2743f',extremes,Drought,#edc291,edo,sequía en guinea ecuatorial,2025-12-07T03:47:00+00:00,Equatorial Guinea,0.647629014402853,1,1,es,WAF,Africa
'f1101350a4',extremes,Storm,#b3b2b1,wmo,tormenta chile,2025-11-26T03:37:00+00:00,Chile,0.6464645126085959,1,2,es,SWS,South-America
'c4be795f03',extremes,Drought,#edc291,edo,falta de lluvia guinea ecuatorial,2025-12-10T03:45:00+00:00,Equatorial Guinea,0.6461753040507607,1,1,es,WAF,Africa
'ae340540d6',extremes,Precipitation,#d60d2b,wmo,aguacero argentino,2025-11-24T03:46:00+00:00,Argentina,0.6461742602696435,1,2,es,SES,South-America
'3a23ad42fe',extremes,Precipitation,#d60d2b,wmo,lluvia torrencial argentina,2025-12-10T03:45:00+00:00,Argentina,0.6458740755517642,1,2,es,SES,South-America
'02711610b5',extremes,Storm,#b3b2b1,wmo,tormenta argentina,2025-11-23T03:46:00+00:00,Argentina,0.645327917066698,1,2,es,SES,South-America
'95d130fbc5',extremes,Storm,#b3b2b1,wmo,tormenta uruguay,2025-12-02T03:41:00+00:00,Uruguay,0.6449308434144384,1,2,es,SES,South-America
'93f18e9364',extremes,Heat Wave,#c40202,wmo,ola de calor argentina,2025-12-01T04:02:00+00:00,Argentina,0.6429884182508526,1,2,es,SES,South-America
'88f49d6040',extremes,Storm,#b3b2b1,wmo,tormenta zona sur,2025-12-19T03:46:00+00:00,Ecuador,0.6416598528824323,1,3,es,NWS,South-America
'be4e178bab',extremes,Storm,#b3b2b1,wmo,marejada ciclónica uruguay,2025-12-02T03:41:00+00:00,Uruguay,0.6413747415803478,1,1,es,SES,South-America
'adacd65a27',extremes,Storm,#b3b2b1,wmo,tormenta paraguay,2025-12-02T03:41:00+00:00,Paraguay,0.6411669211754978,1,1,es,SES,South-America
'6c6666b2af',extremes,Precipitation,#d60d2b,wmo,precipitación argentina,2025-11-24T03:46:00+00:00,Argentina,0.6410163106370576,1,1,es,SES,South-America
'ac9b4f5444',extremes,Storm,#b3b2b1,wmo,marejada ciclónica argentina,2025-11-23T03:46:00+00:00,Argentina,0.6405801062355523,1,1,es,SES,South-America
'e431c24ff6',extremes,Heat Wave,#c40202,wmo,ola de calor chile,2025-12-04T03:42:00+00:00,Chile,0.6405308047371323,1,1,es,SWS,South-America
'0f045e33e1',extremes,Storm,#b3b2b1,wmo,marejada ciclónica reg. 4 cordilleras,2025-12-04T03:42:00+00:00,Chile,0.6403186558457756,1,1,es,SWS,South-America
'8be002d270',extremes,Drought,#edc291,edo,falta de lluvias venezuela,2025-12-02T03:41:00+00:00,Venezuela,0.6402285381066207,1,2,es,NSA,South-America
'4bfa6ec544',extremes,Storm,#b3b2b1,wmo,marejada ciclónica paraguay,2025-11-30T03:46:00+00:00,Paraguay,0.639894558412418,1,1,es,SES,South-America
'd61de81685',extremes,Storm,#b3b2b1,wmo,marejada ciclónica chile,2025-12-09T03:41:00+00:00,Chile,0.6388447735310322,1,1,es,SWS,South-America
'4496a0cd3b',extremes,Storm,#b3b2b1,wmo,marejada ciclónica territorio nacional.,2025-12-01T04:02:00+00:00,Paraguay,0.6385761390068204,1,1,es,SES,South-America
'ee23d47ac0',extremes,Heat Wave,#c40202,wmo,ola de calor rio cuarto y alrededores,2025-12-07T03:47:00+00:00,Argentina,0.6380743868741464,1,1,es,SES,South-America
'8744ccb432',extremes,Storm,#b3b2b1,wmo,tormenta la rioja la rioja.,2025-12-06T03:32:00+00:00,Argentina,0.6371421091164013,1,2,es,SES,South-America
'8f29727ea9',extremes,Drought,#edc291,edo,sequía guinea ecuatorial,2025-12-05T03:41:00+00:00,Equatorial Guinea,0.6353272196471249,1,1,es,WAF,Africa
'd0cb3b04e6',extremes,Precipitation,#d60d2b,wmo,precipitación ecuador,2025-12-19T03:46:00+00:00,Ecuador,0.6351486999032168,1,2,es,NWS,South-America
'f3823dead6',extremes,Storm,#b3b2b1,wmo,marejada ciclónica amazonía ecuatoriana,2025-12-18T03:44:00+00:00,Ecuador,0.6351410182144662,1,1,es,NWS,South-America
'd709206c08',extremes,Storm,#b3b2b1,wmo,tormenta reg. 15 cordillera,2025-12-18T03:44:00+00:00,Chile,0.6344028711762509,1,1,es,SWS,South-America
'03f33e230d',extremes,Earthquake,#870007,usgs,terremoto chile,2025-12-07T03:46:00+00:00,Chile,0.6337197942938055,1,2,es,SWS,South-America
'a16de3dc21',extremes,Earthquake,#870007,usgs,terremoto mene grande,2025-12-03T03:40:00+00:00,Venezuela,0.6331616478445199,1,1,es,NSA,South-America
'57401e749f',extremes,Storm,#b3b2b1,wmo,tormenta reg. 11 patagonia subandina norte,2025-12-16T03:47:00+00:00,Chile,0.6329586591031111,1,1,es,SWS,South-America
'fa77cf1f9e',extremes,Storm,#b3b2b1,wmo,tormenta mendoza gral alvear malargue.,2025-12-04T03:42:00+00:00,Argentina,0.6326314482478258,1,1,es,SES,South-America
'2f51d04c0e',extremes,Fog,#d60d2b,wmo,niebla españa,2025-12-03T03:40:00+00:00,Spain,0.6311088415870383,1,2,es,MED,Europe
'a6e9427fb1',extremes,Earthquake,#870007,usgs,terremoto colombia,2025-12-12T03:45:00+00:00,Colombia,0.631069486311203,1,2,es,NWS,South-America
'e3449c4e60',extremes,Earthquake,#870007,usgs,terremoto de atocha,2025-12-01T04:02:00+00:00,Bolivia,0.6306964297527461,1,1,es,SWS,South-America
'3a67915e02',extremes,Earthquake,#870007,usgs,terremoto peru,2025-12-07T03:46:00+00:00,Peru,0.629872476953869,1,1,es,NWS,South-America
'538af34cee',extremes,Earthquake,#870007,usgs,terremoto los andes,2025-12-18T03:44:00+00:00,Chile,0.6297717782682275,1,2,es,SWS,South-America
'12141e6d2a',extremes,Storm,#b3b2b1,wmo,tormenta litoral provincia de huasco,2025-12-12T03:45:00+00:00,Chile,0.6289326558368681,1,1,es,SWS,South-America
'e40d44c836',extremes,Earthquake,#870007,usgs,terremoto burica,2025-12-18T03:44:00+00:00,Panama,0.6285466863329908,1,1,es,SCA,South-America
'80f83e2f4e',extremes,Earthquake,#870007,usgs,terremoto bolivia,2025-11-29T03:34:00+00:00,Bolivia,0.6282745730444045,1,2,es,SWS,South-America
'5808ad2034',extremes,Earthquake,#870007,usgs,terremoto josé maría morelos,2025-12-06T03:32:00+00:00,Mexico,0.628234118157665,1,1,es,NCA,North-America
'0335b20cbc',extremes,Storm,#b3b2b1,wmo,marejada ciclónica reg. 15 cordillera,2025-12-16T03:47:00+00:00,Chile,0.625271940810024,1,1,es,SWS,South-America
'4d422738b1',extremes,Earthquake,#870007,usgs,terremoto palca,2025-12-08T03:44:00+00:00,Peru,0.6233614060551083,1,1,es,SWS,South-America
'b759e0d5cd',extremes,Drought,#edc291,edo,sequía en Panamá,2025-12-08T03:45:00+00:00,Panama,0.6227690831663025,1,2,es,SCA,North-America
'bb591d955d',extremes,Earthquake,#870007,usgs,terremoto achanizo,2025-11-26T03:37:00+00:00,Peru,0.6226573854002985,1,1,es,SWS,South-America
'd389bc4f63',extremes,Earthquake,#870007,usgs,terremoto mexico,2025-12-08T03:44:00+00:00,Mexico,0.6220136284254417,1,1,es,NCA,North-America
'5ce57f419d',extremes,Earthquake,#870007,usgs,terremoto venezuela,2025-12-10T03:45:00+00:00,Venezuela,0.6186088582487416,1,1,es,CAR,North-America
'e876b3ff36',extremes,Earthquake,#870007,usgs,terremoto abra pampa,2025-11-30T03:46:00+00:00,Argentina,0.6183322288144334,1,1,es,SES,South-America
'd5d4b91634',extremes,Earthquake,#870007,usgs,terremoto vinchina,2025-12-02T03:41:00+00:00,Argentina,0.6177665969244327,1,1,es,SWS,South-America
'997a2e2157',extremes,Earthquake,#870007,usgs,terremoto argentina,2025-12-07T03:46:00+00:00,Argentina,0.6090562835152097,1,2,es,SWS,South-America
'76196dc5e1',extremes,Earthquake,#870007,usgs,terremoto guatemala,2025-12-09T03:40:00+00:00,Guatemala,0.6004976712145094,1,1,es,SCA,North-America
'a65a81b59a',extremes,Earthquake,#870007,usgs,terremoto tectitán,2025-11-29T03:34:00+00:00,Guatemala,0.594281441977873,1,1,es,SCA,North-America
'4bc262e8d8',extremes,Earthquake,#870007,usgs,terremoto amatenango de la frontera,2025-12-05T03:40:00+00:00,Mexico,0.5942479990646614,1,1,es,SCA,North-America
'17065d269f',extremes,Drought,#edc291,edo,falta de lluvia honduras,2025-12-07T03:47:00+00:00,Honduras,0.5936199896645028,1,1,es,SCA,North-America
'0a8dada260',extremes,Drought,#edc291,edo,sequía honduras,2025-11-27T03:34:00+00:00,Honduras,0.5922737664584359,1,2,es,SCA,North-America
'd9ffdd914a',extremes,Fog,#d60d2b,wmo,niebla meseta de valladolid,2025-11-28T03:34:00+00:00,Spain,0.5910644125734434,1,1,es,MED,Europe
'8068e6b5b7',extremes,Storm,#b3b2b1,wmo,marejada ciclónica españa,2025-12-09T03:41:00+00:00,Spain,0.5890596222880704,1,1,es,MED,Europe
'e0f92188ed',extremes,Fog,#d60d2b,wmo,niebla meseta de zamora,2025-11-28T03:34:00+00:00,Spain,0.5867007022471211,1,1,es,MED,Europe
'105ee03aff',extremes,Earthquake,#870007,usgs,terremoto el salvador,2025-11-27T03:33:00+00:00,El Salvador,0.5855910296405974,1,2,es,SCA,North-America
'69dc5fcfc4',extremes,Heat Wave,#c40202,wmo,ola de calor paraná y alrededores,2025-12-06T03:32:00+00:00,Argentina,0.5853581704076328,1,1,es,SES,South-America
'dfbb2a2a1d',extremes,Drought,#edc291,edo,falta de lluvias uruguay,2025-11-28T03:34:00+00:00,Uruguay,0.5849316014583115,1,2,es,SES,South-America
'26bf785d72',extremes,Fog,#d60d2b,wmo,niebla meseta de palencia,2025-11-28T03:34:00+00:00,Spain,0.5843746239015556,1,2,es,MED,Europe
'8ae180c51e',extremes,Precipitation,#d60d2b,wmo,precipitación brasil,2025-11-27T03:34:00+00:00,Brazil,0.5812199283730576,1,1,es,SAM,South-America
'687d982c31',extremes,Drought,#edc291,edo,falta de lluvia costa rica,2025-12-07T03:47:00+00:00,Costa Rica,0.5795147606807832,1,2,es,SCA,South-America
'34fd30e809',extremes,Earthquake,#870007,usgs,terremoto calama,2025-11-28T03:34:00+00:00,Chile,0.5294222869553828,2,1,es,SWS,South-America
'22055e4283',extremes,Drought,#edc291,edo,sequía nicaragua,2025-12-05T03:41:00+00:00,Nicaragua,0.5164426034268181,2,1,es,SCA,North-America
